company_name,report_url,year
A. P. Møller-Mærsk A/S,https://www.maersk.com/~/media_sc9/maersk/corporate/sustainability/files/resources/2021/maersk-sustainability-report_2021.pdf,2021
AAK AB,https://www.aak.com/reports/sustainability_report_2021/mobile/index.html,2021
AB Electrolux,https://www.electroluxgroup.com/sustainabilityreports/2021/files/downloads/Electrolux_Sustainability_Report_2021.pdf,2021
AB SKF,https://investors.skf.com/sites/default/files/pr/202103032688-1.pdf,2020
AB Volvo,https://www.volvogroup.com/content/dam/volvo-group/markets/master/investors/reports-and-presentations/annual-reports/annual-and-sustainability-report-2021.pdf,2021
ABB,https://search.abb.com/library/Download.aspx?DocumentID=9AKK108466A8054&LanguageCode=en&DocumentPartId=&Action=Launch&_ga=2.64225007.1333855981.1664005744-864570225.1664005744,2021
AbbVie,https://www.abbvie.com/content/dam/abbvie-dotcom/uploads/PDFs/societal-impact/abbvie-esg-action-report.pdf,2021
Accenture PLC,https://www.accenture.com/content/dam/accenture/final/a-com-migration/pdf/pdf-168/accenture-united-nations-global-compact-communication-on-progress-2021.pdf#zoom=40,2021
Accor S.A.,https://group.accor.com/-/media/Corporate/Investors/Documents-de-reference/OPT_ACCOR_DEU_2021_MEL_US_300322.pdf,2021
ADIENT plc,https://investors.adient.com/~/media/Files/A/Adient-IR/goverance-docs/adient-sustainability-report-2021.pdf,2021
Adobe,https://www.adobe.com/content/dam/cc/en/corporate-responsibility/pdfs/Adobe-CSR-Report-2021.pdf,2021
AENA S.M.E. S.A.,https://www.aena.es/sites/Satellite?blobcol=urldata&blobkey=id&blobtable=MungoBlobs&blobwhere=1576859902814&ssbinary=true,2021
AFRY (ÅF Pöyry),https://afry.com/sites/default/files/2022-04/Annual%20and%20Sustainability%20Report%202021.pdf,2021
"Agilent Technologies, Inc",https://www.agilent.com/about/esg/en/2021-agilent-esg-report.pdf,2021
"Ajinomoto Co., Inc.",https://www.ajinomoto.co.jp/company/en/ir/library/databook/main/09/teaserItems1/0/linkList/00/link/SDB2022_appendix_env_en_220630-2.pdf,2021
AkzoNobel,https://report.akzonobel.com/2021/ar/servicepages/downloads/files/entire-akzonobel-ar21.pdf,2021
Alfa Laval,https://www.alfalaval.com/globalassets/documents/investors/english/annual-reports/2022/alfa-laval-annual-report-2021.pdf,2021
Ambev S.A.,https://api.mziq.com/mzfilemanager/v2/d/c8182463-4b7e-408c-9d0f-42797662435e/075f25d0-fbed-705a-f73d-0047254b4cc6?origin=1,2021
Ambuja Cements Limited,https://www.ambujacement.com/Upload/Content_Files/annual-reports/Ambuja-Cement-AR-2021_Final.pdf,2021
América Móvil S.A.B. de C.V.,https://s22.q4cdn.com/604986553/files/doc_downloads/2022/07/AM-2021-SUSTAINABILITY-REPORT-(AI).pdf,2021
"American Axle & Manufacturing, Inc.",https://www.aam.com/docs/default-source/esg-policies/reports/aam-2021-esg-report-master.pdf,2021
American Eagle Outfitters,https://s7d2.scene7.com/is/content/aeo/Help/2021_AEO_ESG_Report.pdf,2021
"Analog Devices, Inc.",https://www.analog.com/media/en/company-csr/2021-esg-report.pdf,2021
"Apple, Inc.",https://www.apple.com/environment/pdf/Apple_Environmental_Progress_Report_2022.pdf,2021
Applied Materials,https://www.appliedmaterials.com/content/dam/site/company/csr/doc/2021_Sustainability_Annex_F.pdf.coredownload.inline.pdf,2021
Aramark,https://www.aramark.com/content/dam/aramark/en/environmental-social-governance/reporting/Aramark-2021-Impact-Report.pdf,2021
Arcadis NV,https://media.arcadis.com/-/media/project/arcadiscom/com/about-arcadis/global/sustainability/non-financial-reporting/cdp/arcadis-cdp-climate-change-questionnaire-2022.pdf?rev=8d3af9decf51499db4a51a0102abc70a,2021
Asahi Group Holdings,https://www.asahigroup-holdings.com/sustainability/pdf/databook/databook_en.pdf,2021
Ashland LLC,https://cdn.mediavalet.com/usva/media/0HiMoZkDk0qftzOnUUWd-A/kjDTqaTrkUa7R5YyetJMYA/Original/Ashland%20ESG%20Report%20FY21.pdf,2021
ASICS Corporation,https://assets.asics.com/system/libraries/890/ASICS_sustainability%20report_2021_online.pdf?_ga=2.125942602.639522797.1657817008-436367670.1657817008,2021
ASKUL Corporation,https://s3-ap-northeast-1.amazonaws.com/sustainability-cms-askul-s3/csr/data/pdf/esg_data.pdf,2021
Assa Abloy AB,https://www.assaabloy.com/assaabloy-com/group/market-documents/sustainability/sustainability-reports/Sustainability%20Report%202021.pdf,2021
AstraZeneca,https://www.astrazeneca.com/content/dam/az/Sustainability/2022/pdf/Sustainability_Data_Summary_2021.pdf,2021
Atlassian Corporation Plc,https://wac-cdn.atlassian.com/dam/jcr:5dbbbd09-355e-49b9-a486-604b0626b881/Atlassian%20Sustainability%20Report%20FY21.pdf?cdnVersion=472,2021
Aurubis AG,https://www.aurubis.com/en/dam/jcr:4b29d635-95c1-4ba9-ba8e-ec8578055d3c/Aurubis_Non%20Financial%20Report_FY%2020_21.pdf,2020
"Autodesk, Inc.",https://damassets.autodesk.net/content/dam/autodesk/www/sustainability/docs/pdf/autodesk-fy2022-impact-report.pdf,2021
Autoliv Inc,https://www.autoliv.com/sites/default/files/2022-03/202202227484-1.pdf,2021
Axiata Group Berhad,https://sustainability.axiata.com/wp-content/uploads/2022/04/Axiata-SNCR2021.pdf,2021
Azul S.A,https://api.mziq.com/mzfilemanager/v2/d/ed78542a-4e01-429a-8926-03d69ccfa307/f27a8abf-d50f-129a-b05e-6af76660a595?origin=2,2021
Babcock International Group PLC,https://www.babcockinternational.com/wp-content/uploads/2022/08/1.-BABCOCK-2022-AR-WEB_-1.pdf,2021
BAE Systems PLC,https://www.baesystems.com/en-media/uploadFile/20220331150007/1573673047664.pdf,2021
Balfour Beatty,https://www.balfourbeatty.com/media/319342/balfour-beatty-annual-report-and-accounts-2021.pdf,2021
BARRATT DEVELOPMENTS PLC,https://www.barrattdevelopments.co.uk/building-sustainably/performance-data/data,2021
BAT,https://www.bat.com/group/sites/UK__9D9KCY.nsf/vwPagesWebLive/DOAWWEKR/$file/BAT_ESG_Report_2021.pdf?open&v=1,2021
Bayer AG,https://www.bayer.com/sites/default/files/2022-03/Bayer-Sustainability-Report-2021.pdf,2021
BCE inc.,https://www.bce.ca/responsibility/key-documents/2021-energy-greenhouse-gas.pdf,2021
"BD (Becton, Dickinson & Company)",https://www.bd.com/content/dam/bdcom-assets/en/en-us/documents/policies-guidelines-and-statements/reports/BD_2021_ESG_Report.pdf,2021
Beiersdorf AG,https://www.beiersdorf.com/~/media/Beiersdorf/sustainability/reporting/sustainable-reporting/2022/Beiersdorf-NFE-EN-2021.pdf,2021
"Berry Global Group, Inc.",https://www.berryglobal.com/-/media/berry/files/sustainability-resources/berry-impact-report-2021v4.ashx,2021
Bharti Airtel Limited,https://assets.airtel.in/teams/simplycms/web/docs/Airtel-Integrated_Report_and_Annual_Financial_Statements_2022.pdf,2021
Biogen Inc.,https://www.biogen.com/en_us/esg-data-table.html,2021
BMW Group,https://www.bmwgroup.com/en/report/2021/downloads/BMW-Group-Report-2021-en.pdf,2021
Booz Allen Hamilton Holding Corporation,https://www.boozallen.com/content/dam/home/docs/corp/esg/fy2021-greenhouse-gas-emissions-report.pdf,2021
Boral Limited,https://boral.com/sites/corporate/files/media/field_document/Sustainability-Report-2022.pdf?_ga=2.43716908.845178300.1666181789-1510312723.1666181789,2021
Boston Consulting Group,https://media-publications.bcg.com/bcg-2021-annual-sustainability-report-apr-2022.pdf,2021
Boston Scientific Corporation,https://www.bostonscientific.com/content/dam/bostonscientific/corporate/corporate-responsibility/performance-report/2021_boston_scientific_performance_report.pdf,2021
Brambles,https://www.brambles.com/Content/cms/sustainability-2021/documents/Brambles_Sustainability_Review_2021.pdf,2021
Brown-Forman,https://www.brown-forman.com/sites/default/files/team_resources/2021-08/F20%20Brown%20Forman%20GHG%20Verification%20Statement.pdf,2020
BT,https://www.bt.com/bt-plc/assets/documents/digital-impact-and-sustainability/our-approach/our-policies-and-reports/bt-carbon-reduction-plan.pdf,2021
Bunzl plc,https://www.bunzl.com/media/5ppm42dv/tcfd-statement_2021.pdf,2021
Burberry Plc,https://www.burberryplc.com/content/dam/burberry/corporate/oar-site-updates/documents/Burberry_2021-22_Annual_Report.pdf,2021
BUREAU VERITAS,https://group.bureauveritas.com/sites/g/files/zypfnx196/files/media/document/Bureau-Veritas_2021_Universal_Registration_Document_vFinal.pdf,2021
Capgemini SE,https://www.capgemini.com/wp-content/uploads/2021/12/Environmental-Sustainability_Report-2021-FINAL-November.pdf,2020
Capita Plc,https://www.capita.com/sites/g/files/nginej291/files/acquiadam/2021-03/capita-responsible-business-report-2020.pdf,2020
"Cardinal Health, Inc.",https://www.cardinalhealth.com/en/about-us/corporate-citizenship/environmental-sustainability/recycling-and-responsible-waste-management.html,2021
Carlsberg Group,https://www.carlsberggroup.com/media/48860/carlsberg-group-esg-report-2021.pdf,2021
Carrefour,https://www.carrefour.com/sites/default/files/2021-06/Carrefour%20-%20Sustainability-Linked%20Bond%20Framework%20%281%29.pdf,2019
CELLNEX TELECOM S.A.,https://www.cellnex.com/app/uploads/2022/06/Cellnex_2021-Environment-and-Climate-Change-Report-4.pdf,2021
"CEMEX, S.A.B de C.V.",https://www.cemex.com/documents/20143/57102208/IntegratedReport2021.pdf,2021
CEZ Group,https://www.cez.cz/webpublic/file/edee/esg/documents/sustainability-reports/sustainability-report-2021.pdf,2021
"Charles River Laboratories, Inc.",https://www.criver.com/sites/default/files/noindex/corporate/cr-esg-performance-data-2021.pdf,2021
CHIMEI CORPORATION,https://ec.chimei.com.tw/apis/filestorage/files/display/62a14c522c461e04d7f1b4c3,2020
Chocoladefabriken Lindt & Sprüngli AG,https://www.lindt-spruengli.com/amfile/file/download/id/6775/file/Lindt-Spruengli-Sustainability-Report-2021.pdf,2021
"Cisco Systems, Inc.",https://www.cisco.com/c/m/en_us/about/csr/esg-hub/environment/scope-1-2-ghg-emissions.html,2021
Coca-Cola HBC,https://www.coca-colahellenic.com/content/dam/cch/us/documents/investors-and-financial/results-reports-and-presentations/2022/FY2021/coca-cola-hbc-2021-gri-content-index.pdf.downloadasset.pdf,2021
Cogeco Inc.,https://cdn.corpo.cogeco.com/cca/9616/3839/2884/Cogeco_ClimateActionPlanandTCFDreport_2021_EN_F.pdf,2021
Cognizant,https://www.cognizant.com/us/en/documents/2021-esg-report.pdf,2021
Colgate Palmolive,https://www.colgatepalmolive.com/content/dam/cp-sites/corporate/corporate/common/pdf/sustainability/colgate-palmolive-sustainability-key-performance-indicators-kpi-2021.pdf,2021
Colliers International,https://www.colliers.com/-/media/files/global/esg/colliers-2021-global-impact-report-final-may-2022.ashx,2021
Compass Group UK&I,https://www.compass-group.com/content/dam/compass-group/corporate/sustainability-updates-2022/com_sustainability_report_2021_Final.pdf,2021
Computacenter,https://www.computacenter.com/docs/default-source/netzero/computacenter-sustainability-report-2021.pdf,2021
Croda International,https://www.croda.com/mediaassets/files/corporate/ar-and-sr-files-2021/croda-sustainability-report-2021.pdf?la=en-GB,2021
"Crown Holdings, Inc.",https://www.crowncork.com/sites/default/files/Crown_2021-Sustainability-Report.pdf,2021
Crystal International Group,https://www.crystalgroup.com//static/media/1650536440589_ViWPGVXH3L.pdf,2021
Cummins,https://www.cummins.com/sites/default/files/2022-08/2020-21-cummins-sr-progress-report-08032022.pdf,2021
Currys plc,https://www.currysplc.com/media/nh5fpsm1/36166-dcw_sustainablebusiness-aw-dc.pdf,2021
Cushman & Wakefield,https://cw-gbl-gws-prod.azureedge.net/-/media/cw/global/about-us/esg-sustainability/cw-2021-esg-report.pdf?la=en&rev=1f850b4b30954691a048276120a1bec5&hash=54D59A064AA333694DB1CCB1F3B3C787,2021
CVS Health,https://www.cvshealth.com/sites/default/files/cvs-health-esg-report-appendix-2021.pdf,2021
"Daiwa House Industry Co., Ltd.",https://www.daiwahouse.co.jp/sustainable/csr/pdfs/2022/en_Sustainability_All.pdf,2021
Dana Incorporated,https://www.dana.com/globalassets/resource-library/corporate/dana-sustainability-and-socialresponsibility-2021.pdf,2021
Danone,https://www.danone.com/content/dam/danone-corp/danone-com/investors/en-sustainability/reports-and-data/planet/danone2021environmentaldatav2.pdf,2021
Dassault Systèmes,https://investor.3ds.com/system/files-encrypted/nasdaq_kms/assets/2022/04/01/4-08-51/3DS_2021_URD_31032022.pdf,2021
DECATHLON,https://drive.google.com/file/d/1KUGsHaQdNZrr8qmZ346z3kZLnTg--2FM/view?usp=sharing,2021
Dell Technologies,https://www.delltechnologies.com/asset/en-us/solutions/business-solutions/briefs-summaries/delltechnologies-fy22-esg-report.pdf,2021
Deloitte,https://www2.deloitte.com/content/dam/Deloitte/global/Documents/About-Deloitte/about-deloitte-global-report-full-version-2022.pdf,2021
Delta Air Lines,https://www.delta.com/content/dam/delta-www/about-delta/corporate-responsibility/2021-esg-report.pdf,2021
Delta Electronics Inc.,https://filecenter.deltaww.com/about/download/2021_Delta_ESG_Report_EN.pdf,2021
Demant A/S,https://www.demant.com/sustainability/sustainability-report,2021
Dentsu International,https://assets-eu-01.kc-usercontent.com/7bf8ef96-9447-0161-1923-3ac6929eb20f/87c2180a-3d3c-49f8-bf7c-a2be2063e184/Dentsu_Social%20Impact%20Report%202021_full.pdf,2021
Deutsche Post DHL Group,https://www.dpdhl.com/content/dam/dpdhl/en/media-center/investors/documents/annual-reports/DPDHL-2021-Annual-Report.pdf,2021
Deutsche Telekom AG,https://www.cr-report.telekom.com/2021/sites/default/files/pdf/cr_en_2021_dt_final.pdf,2021
Diageo,https://media.diageocms.com/diageo-corporate-media/media/gofp3ep0/diageo_esg_reporting-index_2022.pdf,2021
DMG Mori Aktiengesellschaft,https://en.dmgmori-ag.com/resource/blob/631334/821fbc476cbe398a87f6023e92735cb7/dmgmorisr21e-data.pdf,2021
Domino's Pizza Group plc,https://investors.dominos.co.uk/system/files/uploads/financialdocs/dpg-2021-annual-report.pdf,2021
DP World,https://www.dpworld.com/-/media/project/dpwg/dpwg-tenant/corporate/global/media-files/investor-relations/esg/2021/dpw-esg-report-2021.pdf?rev=39bbdcf813a94b07a78e23c62d69a5dd,2021
Dr. Reddy's Laboratories Limited,https://www.drreddys.com/cms/cms/sites/default/files/2022-04/sustainability-report-fy-2020-21.pdf,2021
Drax Group,https://www.drax.com/wp-content/uploads/2022/03/Drax_AR2021_2022-03-07.final_.pdf,2021
DS Smith,https://www.dssmith.com/globalassets/corporate/sustainability/sustainability-report-databook-2022/2021-22-sustainability-report.pdf,2021
Dürr AG,https://www.durr-group.com/fileadmin/durr-group.com/Sustainability/Downloads/duerr-sustainability-report-2021-EN.pdf,2021
easyJet plc,https://corporate.easyjet.com/~/media/Files/E/Easyjet/pdf/investors/results-centre/2021/annual-report-2021.pdf,2021
Eaton Corporation,https://www.eaton.com/content/dam/eaton/company/sustainability/files/eaton-tcfd-disclosure.pdf,2021
Ecolab,https://s24.q4cdn.com/931105847/files/doc_downloads/2022/Ecolab-2021-Corporate-Responsibility-Report.pdf,2021
EDF (Electricité de France),https://www.edf.fr/sites/groupe/files/2022-03/edf-2021-universal-registration-document.pdf,2021
"El Corte Inglés, SA.",https://www.elcorteingles.es/recursos/informacioncorporativa/doc/portal/2017/07/19/non-financial-statement-2021.pdf,2021
Elisa Corporation,https://static.elisa.com/v2/image/2tqybbhjs47b/1SEcjGdM4B8KoOCbLSWU7p/Elisa-Sustainability-Report-2021.pdf?_ga=2.237562240.1685468028.1665636266-1082916296.1665636266,2021
Emmi Group,https://downloads.emmi.com/app/uploads/emmi-portal/Emmi-Sustainability-Report-2020.pdf,2020
En+ Group,https://enplusgroup.com/upload/iblock/b35/ex7uo1x4ruqe64k9te8t2carlp7qlymk/En_CSR21_Book_EN.pdf,2021
Enel S.p.a.,https://www.enel.com/content/dam/enel-com/documenti/investitori/sostenibilita/2021/sustainability-report_2021.pdf,2021
ENGIE,https://www.engie.com/sites/default/files/assets/documents/2022-03/Databook_ESG_2021.pdf,2021
Epiroc AB,https://www.epirocgroup.com/content/dam/epiroc/corporate/documents/investors/annual-report/2022/Annual%20and%20Sustainability%20Report%202021.pdf,2021
Essity AB,https://masdpstatic.azureedge.net/essity/8fe54e3f-ec63-442f-91b4-600d6449b2c2%2FEssity_Annual%20and%20Sustainability%20Report%202021_220302.pdf,2021
"Etsy, Inc.",https://s22.q4cdn.com/941741262/files/doc_downloads/2021-SASB-TCFD-Disclosures.pdf,2021
"Facebook, Inc.",https://sustainability.fb.com/wp-content/uploads/2022/06/Meta-2021-Sustainability-Report.pdf,2021
Fast Retailing,https://www.fastretailing.com/eng/sustainability/report/pdf/databook2021_eng.pdf,2021
Faurecia,https://www.faurecia.com/sites/groupe/files/documents/FAU_URD_EN_PDF.pdf,2021
FirstGroup PLC,https://www.firstgroupplc.com/~/media/Files/F/Firstgroup-Plc/FirstGroup-2022-EPR-FINAL.pdf,2021
Flutter Entertainment plc,https://www.flutter.com/media/dvvn0ith/flutter-entertainment-plc-annual-report-2021.pdf,2021
FMC Corporation,https://www.fmc.com/sites/default/files/2022-07/FMC-7176%202021%20Sustainability%20Report%20Digital_Final_2_0.pdf,2021
Ford Motor Company,https://corporate.ford.com/content/dam/corporate/us/en-us/documents/reports/esg-data-book.pdf,2021
Gap Inc.,https://gapinc-prod.azureedge.net/gapmedia/gapcorporatesite/media/images/values/sustainability/documents/2022/data-tables-2022.pdf,2021
GEA Group Aktiengesellschaft,https://www.gea.com/en/binaries/sustainability-report-2021_tcm11-103140.pdf,2021
General Mills,https://globalresponsibility.generalmills.com/images/General_Mills-Global_Responsibility_2022.pdf,2021
General Motors,https://www.gmsustainability.com/_pdf/resources-and-downloads/ESG_Data_Center.pdf,2021
Genpact,https://website-files.genpact.com/downloadable-content/insight/genpact-sustainability-report-2021.pdf,2021
Givaudan SA,https://integratedreport.givaudan.com/sites/givaudanweb.oar/files/2022-01/GIV_2021_GRISustainabilityReport.pdf,2021
Google,https://www.gstatic.com/gumdrop/sustainability/google-2022-environmental-report.pdf,2021
Group SEB,https://webapp.sebgroup.com/mb/mblib.nsf/alldocsbyunid/44DC29E047E8FABDC12587F7002A8F15/$FILE/annual_report_2021.pdf,2021
Groupe iliad,https://iliad-strapi.s3.fr-par.scw.cloud/ENG_DPEF_2021_279ef0164e.pdf,2021
GROUPE RENAULT,https://renaultgroup.publispeak.com/climate-report-2021/article/1/,2020
GSK,https://www.gsk.com/media/7473/esg-performance-report-2021.pdf,2021
"Guess?, Inc.",https://static1.squarespace.com/static/609c10ed49db5202181d673f/t/60faf8af82418f5da4778f6f/1627060411937/GUESS+FY20-21+Sustainability+Report.pdf,2021
"H.U. Group Holdings, Inc.",https://www.hugp.com/en/csr/esg.html,2021
HeidelbergCement AG,https://www.heidelbergcement.com/sites/default/files/2022-06/220529-HC-NB-2021-EN.pdf,2021
Henkel AG & Co. KGaA,https://www.henkel.com/resource/blob/1616952/56b3f141043a2c60ca1743c8255f5f26/data/2021-sustainability-report.pdf,2021
Hertz,https://images.hertz.com/pdfs/Hertz-2019-Corporate-Responsibility-Report.pdf,2019
Hewlett Packard Enterprises,https://assets.ext.hpe.com/is/content/hpedam/documents/a50006000-6999/a50006143/a50006143enw.pdf,2021
"Hitachi, Ltd.",https://www.hitachi.com/sustainability/download/pdf/en_sustainability2022_print.pdf,2021
Holcim Ltd.,https://www.holcim.com/sites/holcim/files/2022-04/25022022-sustainability-performance_fy_2021_report-en.pdf,2021
Holmen AB,https://www.holmen.com/globalassets/holmen/arsstamma-arsredovisning-och-kvartalsrapporter/holmen-annual-report-2021.pdf,2021
"Hon Hai Precision Inc. Co., Ltd.",https://www.foxconn.com/s3/reports/CSR/EN/2021/HonHai_2021_Sustainability%20Report_EN.pdf,2021
HP Inc.,https://h20195.www2.hp.com/v2/GetDocument.aspx?docname=c05154919,2021
Hugo Boss AG,https://group.hugoboss.com/fileadmin/media/pdf/sustainability/sustainability_reports_EN/HUGO_BOSS_Sustainability_Report_2021.pdf,2021
Husqvarna AB (publ),https://www.husqvarnagroup.com/sites/default/files/2022-05/Sustainovate_report_2021_220330_highres.pdf,2021
Iberdrola,https://www.iberdrola.com/documents/20125/1606413/gsm22_IA_SustainabilityReport2021.pdf,2021
ICA Gruppen,https://www.icagruppen.se/globalassets/3.-investerare/5.-rapporter/arkiv---finansiellt/engelska/2022/02.-annual-report-2021/icagruppen-annual-report-2021.pdf,2021
"Illumina, Inc.",https://www.illumina.com/content/dam/illumina-marketing/documents/company/illumina-csr-report-2022.pdf,2021
IMI,https://www.imiplc.com/sites/imi-corp-rev2/files/2022/imi_ar_2021.pdf,2021
Imperial Brands,https://www.imperialbrandsplc.com/content/dam/imperialbrands/corporate2022/documents/sustainability/FY2021/social-performance-data-2021.pdf.downloadasset.pdf,2021
Informa plc,https://www.informa.com/globalassets/documents/sustainability/reporting/2021/informa-sustainability-kpis-summary-data-table-2016-2021.xlsx,2021
Ingka Group,https://www.ingka.com/static/data-and-progress-fy-21.pdf,2021
International Flavors & Fragrances Inc.,https://www.iff.com/sites/iff-corp/files/p8577-esg-report-2021-v5-reduced.pdf,2021
Interpublic Group,https://esg.interpublic.com/wp-content/uploads/2022/06/IPG-ESG-Report-2021-FINAL.pdfhttps://esg.interpublic.com/wp-content/uploads/2022/06/IPG-ESG-Report-2021-FINAL.pdf,2020
"Interpublic Group of Companies, Inc.",https://esg.interpublic.com/wp-content/uploads/2022/06/IPG-ESG-Report-2021-FINAL.pdfhttps://esg.interpublic.com/wp-content/uploads/2022/06/IPG-ESG-Report-2021-FINAL.pdf,2020
Intertek Group plc,https://intertek-cdn.s3.amazonaws.com/ar2021/assets/pdf/Intertek_ARA21_Sustainability_Report.pdf,2021
Intuit,https://www.intuit.com/oidam/intuit/ic/en_us/content/intuit-cr-report-2021-icom.pdf,2020
ITV,https://www.itvplc.com/~/media/Files/I/ITV-PLC/download/itv-social-purpose-report-2021.pdf,2021
J Sainsbury plc,https://www.about.sainsburys.co.uk/~/media/Files/S/Sainsburys/CRS%20Policies%20and%20Reports/Sainsburys%20Plan%20for%20Better%202021-22%20Sustainability%20Update/Sainsburys%20Plan%20for%20Better%202021-22%20Sustainability%20Update.pdf,2021
Jacobs,https://www.jacobs.com/sites/default/files/2022-07/Jacobs-FY21-ESG-Disclosures_v2July22-FINAL.pdf,2021
Jaguar Land Rover,https://media.jlrms.com/2022-08-17/pdf/fc7997d8-3f60-4605-b6d8-22b6cfa54e9a/Jaguar%20Land%20Rover%20Annual%20Report%20FY2022.pdf?VersionId=kTEGFM.Pj3mRmGd05pCX9CZxWEx6R2Bj,2021
JBS,https://jbs.com.br/wp-content/uploads/2022/08/-sustainability-in-report-jbs-2021.pdf,2021
JD Sports Fashion PLC,https://www.jdplc.com/sites/jd-sportsfashion-plc/files/2022-06/final-annual-report-2022.pdf,2021
"JinkoSolar Holding Co., Ltd","https://jinkosolarcdn.shwebspace.com/uploads/7.8%20JinkoSolar%20Co.,%20Ltd.%20Environmental,%20Social%20and%20Governance(ESG)%20Report%202021.pdf",2021
John Lewis Partnership,https://www.johnlewispartnership.co.uk/content/dam/cws/pdfs/Juniper/ARA-2022/John-Lewis-Partnership-plc-Annual-Report-and-Accounts-2022.pdf,2021
Johnson & Johnson,https://healthforhumanityreport.jnj.com/reporting-hub/esg-performance-data,2021
Johnson Controls,https://www.johnsoncontrols.com/-/media/jci/corporate-sustainability/reporting-and-policies/2022/report/hq2203001_2022-sustainability-report_5_12-04-2022_web.pdf?la=en&hash=85D087FAAE043DB40DDEFBFC3C284C8BA16D275E,2021
Johnson Matthey Plc,https://matthey.com/documents/161599/486048/Johnson+Matthey+-+Annual+Report+and+Accounts+2022.pdf/6e0c0d7d-7f21-0e5f-7746-fc46b1f16fc2?t=1655145102904,2021
Jungheinrich AG,https://media-live2.prod.scw.jungheinrichcloud.com/resource/blob/935524/a05be293fa008c1af7edae272f3c5bd1/annual-report-2021-data.pdf,2021
KAO Corporation,https://www.kao.com/content/dam/sites/kao/www-kao-com/global/en/sustainability/pdf/sustainability2022-e-all.pdf,2021
Kesko Corporation,https://www.kesko.fi/globalassets/03-sijoittaja/raporttikeskus/2022/q1/kesko_annual_report_2021_sustainability.pdf,2021
Kier Group plc,https://www.kier.co.uk/media/6966/kier-2021-ara-final.pdf,2021
Kingfisher,https://www.kingfisher.com/content/dam/kingfisher/Corporate/Images/Other/2022/Kingfisher-plc-2021-22-Annual-Report.pdf.downloadasset.pdf,2021
Kirin Holdings Co Ltd,https://www.kirinholdings.com/en/investors/files/pdf/environmental2021e.pdf,2020
Klöckner & Co,https://www.kloeckner.com/en/sustainability/kloeckner-takes-action-2040.html,2020
Koninklijke Ahold Delhaize N.V.,https://www.aholddelhaize.com/sustainability/climate-impact/,2021
Koninklijke KPN NV (Royal KPN),https://ir.kpn.com/download/companies/koninkpnnv/Results/KPN_Integrated_Annual_Report_2021.pdf,2021
KPMG UK LLP,https://assets.kpmg/content/dam/kpmg/uk/pdf/2022/02/uk-members-report-and-financial-statements-2021.pdf,2021
La Poste SA,https://le-groupe-laposte.cdn.prismic.io/le-groupe-laposte/98e7b361-d528-492a-b360-b3e4d06054af_GLP_2021_RSE_+EN+-+ecobook.pdf,2021
Lendlease,https://www.lendlease.com/us/-/media/llcom/sustainability-2019/data-and-basis-of-preparations/global-sustainability-framework--fy21-environmental-data-and-summary-basis-of-preparation.pdf,2021
Lenzing AG,https://www.lenzing.com/?type=88245&tx_filedownloads_file%5bfileName%5d=fileadmin/content/PDF/04_Nachhaltigkeit/Nachhaltigkeitsberichte/EN/NHB_2021_EN.pdf,2021
Levi Strauss & Co.,https://www.levistrauss.com/wp-content/uploads/2021/09/LSCo.-2020-Sustainability-Report.pdf,2020
Logitech,https://www.logitech.com/content/dam/logitech/en/sustainability/pdf/resources/fy22-impact-report-portrait.pdf,2021
Lojas Renner S.A.,https://www.lojasrennersa.com.br/en/wp-content/uploads/2022/09/Annual-report-2021.pdf,2021
Lundbeck A/S,https://www.lundbeck.com/content/dam/lundbeck-com/masters/global-site/pdf/Sustainability_Report_2021.pdf.coredownload.pdf,2021
Mace,https://mc-1bee7015-25f8-4470-9de6-1841-cdn-endpoint.azureedge.net/-/media/Mace%20Dotcom%20/Files/About%20Us/Financial/2020/Mace%20ESG%202020%20report,2020
ManpowerGroup Inc.,https://resources.manpowergroup.com/story/working-to-change-the-world-2021/page/7/7?_ga=2.194712169.551560003.1658178625-258072508.1658178625,2020
Marks and Spencer Group plc,https://corporate.marksandspencer.com/msar2022/sustainabilityreport2022.pdf,2021
Marriott International,http://serve360.marriott.com/wp-content/uploads/2021/09/2021_Serve_360_Report.pdf,2020
"Mars, Incorporated",https://www.mars.com/sites/g/files/jydpyr316/files/2022-05/CDP_Climate_Change_Questionnaire_2021_FINAL.pdf,2020
Mastercard,https://www.mastercard.com/content/dam/public/mastercardcom/na/global-site/documents/mastercard-sustainability-report-2021.pdf,2021
McDonald's Corporation,"https://corporate.mcdonalds.com/corpmcd/our-purpose-and-impact/our-planet/climate-action.html#:~:text=Our%20Performance,-The%20figures%20below&text=McDonald's%20has%20committed%20to%20evolve,our%20global%20operations%20by%202050.",2021
"Meiji Holdings Co., Ltd.",https://www.meiji.com/global/sustainability/esg/pdf/esg.pdf,2021
Mettler-Toledo International Inc.,https://www.mt.com/dam/sustainability/crr-2022/METTLER_TOLEDO-Corporate_Responsibility_Report_H_2022.pdf,2021
Michelin,https://www.michelin.com/wp-content/uploads/sites/2/2022/04/Michelin_2021_DEU_US.pdf,2021
Microsoft Corporation,https://query.prod.cms.rt.microsoft.com/cms/api/am/binary/RE4RwfV,2021
Mitie,https://www.mitie.com/wp-content/uploads/2022/06/Annual-Report-2022.pdf,2021
"MITSUBISHI ESTATE CO., LTD.",https://mec.disclosure.site/e/sustainability/report/2021/pdf/all_mec_SR2021_en.pdf,2020
Mondi plc,https://www.mondigroup.com/media/15164/mondi-group-consolidated-sustainability-performance-2021.pdf,2021
Morgan Sindall Group,https://d3s3eeezfmyz8l.cloudfront.net/pdfs/MorganSindall_AR21_interactive_220324-v2.pdf,2021
MVV Energie AG,https://www.mvv.de/fileadmin/user_upload/Investoren/en/geschaeftsjahr_2021/Berichte/MVV_Sustainability_Report_2021.pdf,2021
National Grid PLC,https://www.nationalgrid.com/document/146731/download,2021
Natura & Co,https://api.mziq.com/mzfilemanager/v2/d/67c3b7d4-64ea-4c2f-b380-6596a2ac2fbf/a68aa190-1b5d-7378-3b39-544602912bce?origin=2,2020
NEC Corporation,https://www.nec.com/en/global/csr/pdf/2021_report.pdf,2021
Nestlé S.A.,https://www.nestle.com/sites/default/files/2022-03/2021-tcfd-report.pdf,2021
Netflix,https://s22.q4cdn.com/959853165/files/doc_downloads/2022/03/30/2021-SASB-Report-FINAL.pdf,2021
Network Rail plc,https://newnetworkrail.wpenginepowered.com/wp-content/uploads/2022/07/Network-Rail-Annual-report-and-accounts-2022.pdf,2021
New World Development Company Limited,https://sustainability.nwd.com.hk/wp-content/uploads/2021/10/New-World-Group-Sustainability-Performance-Data-FY2021_EN.pdf,2021
News Corp,https://newscorp.com/wp-content/uploads/2021/10/News-Corp-2021-ESG-Report.pdf,2020
"NIKE, Inc",https://media.about.nike.com/files/a9da025c-fc41-486c-99df-bfb41bef2d41/FY21_NIKE-Impact-Report.pdf,2021
Nikon Corporation,https://www.nikon.com/about/sustainability/report/data_index2021.pdf,2021
Nomad Foods Ltd.,https://www.nomadfoods.com/wp-content/uploads/2022/05/2021-nomadfoodsreport-v14.pdf,2021
Novartis Pharma AG,https://www.novartis.com/sites/novartis_com/files/novartis-integrated-report-2021.pdf,2021
Novo Nordisk,https://www.novonordisk.com/content/dam/nncorp/global/en/investors/irmaterial/annual_report/2022/novo-nordisk-annual-report-2021.pdf,2021
Novozymes,https://report2021.novozymes.com/PDF/The_Novozymes_Report_2021.pdf,2021
NRG Energy Inc.,https://www.nrg.com/assets/documents/sustainability/20220516_2021_nrg_greenhouse_gas_emissions_report.pdf,2021
NTT Data Corporation,https://www.nttdata.com/global/en/-/media/nttdataglobal/1_files/sustainability/susatainability-report/2021/sr_2021.pdf?la=en,2020
"ONO PHARMACEUTICAL CO., LTD",https://sustainability.ono-pharma.com/en/themes/113,2021
Oracle,https://www.oracle.com/a/ocom/docs/corporate/citizenship/ccr-datasheet.pdf,2021
Orange Group,https://rai2021.orange.com/wp-content/uploads/sites/47/2022/05/orange_integratedannualreport_2021_en.pdf,2021
Origin Enterprises plc,https://originenterprises.com/uploads/Origin_SR_FINAL-website.pdf,2021
Orkla,https://www.orkla.com/wp-content/uploads/sites/3/2022/04/Orkla-TCFD-Report-2021.pdf,2021
Palo Alto Networks,https://www.paloaltonetworks.com/content/dam/pan/en_US/assets/pdf/corporate/panw-fy21-esg-supplement.pdf,2021
Panasonic Corporation,https://holdings.panasonic/global/corporate/sustainability/pdf/sdb2021e.pdf,2021
PayPal,https://s201.q4cdn.com/346340278/files/doc_downloads/PayPal-2021-Global-Impact-Report.pdf,2021
Pearson PLC,https://plc.pearson.com/sites/pearson-corp/files/pearson/annual-report-2021/pdf/pearson-annual-report-2021.pdf,2021
Pernod Ricard,https://www.pernod-ricard.com/sites/default/files/inline-files/CDP%20Climate%20Response%202021.pdf,2020
Persimmon plc,https://www.persimmonhomes.com/corporate/media/525pv30b/sustainability-report-2021.pdf,2021
Pfizer Inc.,https://cdn.pfizer.com/pfizercom/2020_KPI_Table_Charts_Final.pdf,2020
Philip Morris International,https://pmidotcom3-prd.s3.amazonaws.com/docs/default-source/pmi-sustainability/pmi-integrated-report-2021.pdf?sfvrsn=646e6ab6_4,2021
Philips,https://www.results.philips.com/publications/ar21/downloads/pdf/en/PhilipsFullAnnualReport2021-English.pdf?v=20220726085637,2021
Plastic Omnium SE,https://www.plasticomnium.com/wp-content/uploads/2022/04/plastic-omnium-universal-registration-document-2021-en.pdf,2021
Procter & Gamble,https://s1.q4cdn.com/695946674/files/doc_downloads/esg/2021/frameworks/Environmental-Footprint-Metrics-for-P-G-Operations.pdf,2021
Proximus,https://issuu.com/proximusgroup/docs/proximus-integrated-annual-report-2021_en?fr=sY2NkNjQ3NDUxNTY,2021
Prysmian Group,https://www.prysmiangroup.com/sites/default/files/atoms/files/DNF_ENG%202021_15.03.2022_1.pdf,2021
Publicis Groupe,https://publicis-groupe.publispeak.com/2021-universal-registration-document/page/150/,2021
PUMA SE,https://cdn.about.puma.com/-/media/files/pdf/sustainability/reports/2021/puma_annual_report_2021.pdf?rev=441bbccec50446e4bb3a573d7122a708,2021
Qualcomm Incorporated,https://www.qualcomm.com/content/dam/qcomm-martech/dm-assets/documents/2021-qualcomm-corporate-responsibility-report.pdf,2021
Ralph Lauren,https://corporate.ralphlauren.com/on/demandware.static/-/Sites-RalphLauren_Corporate-Library/default/dw7119005d/documents/2022-RL-GCSReport.pdf,2021
Randstad N.V.,https://www.randstad.com/s3fs-media/rscom/public/2022-02/randstad-annual-report-2021.pdf,2021
Reckitt Benckiser Group plc (RB),https://www.reckitt.com/media/10007/annual-report-2021.pdf,2021
Redrow plc,https://www.redrowplc.co.uk/media/robmw1cp/redrow-annual-report-2021.pdf,2021
Reliance Jio Infocomm Limited,https://www.ril.com/getattachment/57c07cd8-3cba-457b-a972-c02524df79b6/AnnualReport_2020-21.aspx,2021
REMA 1000 NORGE AS,https://cloudfront.rema1000.dk/ansvarlighed/csr/CSR-rapporter-PDF/Corporate_Social_Responsibility_2021.pdf,2021
Renesas Electronics Corporation,https://www.renesas.com/tw/en/about/company/sustainability/environmental-data,2021
Restaurant Brands International Inc.,https://s26.q4cdn.com/317237604/files/doc_downloads/2022/08/2021-CDP-Climate-Questionnaire-Responses.pdf,2021
"Ricoh Co., Ltd.",https://www.ricoh.com/-/Media/Ricoh/Sites/com/sustainability/databook/pdf/esg_databook_2021.pdf,2021
Rolls-Royce plc,https://www.rolls-royce.com/~/media/Files/R/Rolls-Royce/documents/annual-report/2020/2020-full-annual-report.pdf,2020
RWE AG,https://www.rwe.com/-/media/RWE/documents/09-verantwortung-nachhaltigkeit/cr-berichte/EN/cr-report-2021.pdf,2021
Sage,https://www.sage.com/en-gb/-/media/files/investors/documents/pdf/downloads/sage-sustainability-report-2021.pdf,2021
Saint-Gobain,https://www.saint-gobain.com/sites/saint-gobain.com/files/media/document/SGO_URD_2021_EN_220330_MEL.pdf,2021
"Salesforce.com, Inc",https://stakeholderimpactreport.salesforce.com/pdf/FY22-SIR.pdf,2021
Salling Group A/S,https://projectsunshineprod.blob.core.windows.net/media/3118/sustainability-report-2021.pdf,2021
SANOFI,https://www.sanofi.com/dam/jcr:62c6a334-3b22-4cf1-8764-5e8791455a19/Declaration-of-Extra-Financial-Performance.pdf,2021
SAP,https://www.sap.com/docs/download/integrated-reports/2021/sap-2021-5-year-summary.xlsx,2021
Saudi Telecom Company,https://sustainability.stc.com.sa/cdn/upload_001234567892.pdf,2021
Scania,https://www.scania.com/content/dam/group/investor-relations/annual-review/download-full-report/scania-annual-and-sustainability-report-2021-final.pdf,2021
Schindler Group,https://group.schindler.com/content/dam/website/group/docs/responsibility/schindler-corporate-responsibility-report-2021.pdf/_jcr_content/renditions/original./schindler-corporate-responsibility-report-2021.pdf,2021
Schneider Electric,https://www.se.com/ww/en/assets/564/document/322964/sustainability-report-2021.pdf,2021
"SECOM Co., Ltd.",https://www.secom.co.jp/english/csr/download/pdf/ESG_Data_Environment_2021.pdf,2020
"Sekisui House, Ltd.",https://www.sekisuihouse.co.jp/library/english/company/sustainable/2021/2021_all.pdf,2021
ServiceNow Inc.,https://www.servicenow.com/content/dam/servicenow-assets/public/en-us/doc-type/other-document/servicenow-global-impact-report-2022.pdf,2021
Severn Trent,https://www.severntrent.com/content/dam/stw-plc/investors-02/capital-markets-day/tcfd-report.pdf,2021
SGS SA,https://www.sgs.com/-/media/sgscorp/documents/corporate/reports-and-presentations/2020s/2021/sgs-2021-corporate-sustainability-report.cdn.en.2..cdn.en.2.ashx,2021
Siemens,https://assets.new.siemens.com/siemens/assets/api/uuid:4806da09-01c7-40b1-af91-99af4b726653/sustainability2021-en.pdf,2021
Signify,https://www.signify.com/static/2021/signify-annual-report-2021.pdf,2021
Smiths Group PLC,https://www.smiths.com/-/media/files/smiths-group-plc-responsible-business-report-2021.pdf,2021
Snap Inc.,https://storage.googleapis.com/snap-inc/citizen-snap/2022_CitizenSnap_Report.pdf?lang=en-US,2021
Södra Skogsägarna ekonomisk förening,https://www.sodra.com/_download/sp/ars--och-hallbarhetsredovisning-2021,2021
Sony Corporation,https://www.sony.com/en/SonyInfo/csr/library/reports/SustainabilityReport2022_E.pdf,2021
Sopra Steria Group,https://www.soprasteria.com/docs/librariesprovider2/sopra-steria-corporate/finance/rapports-financiers/sop2021_urd_en_mel_210317_tr.pdf?sfvrsn=2075c2dc_14,2021
SPIE,https://lib.spie.com/media/b401733b-3ffa-40a1-9661-93a1be4d142d#v=Version1&l=en&lc=1,2021
Spotify,https://www.lifeatspotify.com/reports/Spotify-Equity-Impact-Report-2021.pdf,2021
SSAB,https://www.ssab.com/-/media/Files/Company/Investors/Annual-reports/2021/SSAB_Annual_Report_2021_EN.pdf?m=20220316083802,2021
SSE Plc,https://www.sse.com/media/4hknsfj1/sse-sustainability-data-tables-2022-v1-1.xlsx,2021
ST Microelectronics NV,https://www.st.com/content/ccc/resource/corporate/financial/quarterly_report/group0/61/f4/ee/d4/92/df/43/55/ST_Sustainability_report_2022/files/STMicroelectronics-Sustainability-Report-2022-small.pdf/_jcr_content/translations/en.STMicroelectronics-Sustainability-Report-2022-small.pdf,2021
Stanley Black and Decker,https://www.stanleyblackanddecker.com/sites/stanleyblackanddecker.com/files/2021_esg_report.pdf,2021
Stantec Inc.,https://www.stantec.com/en/about/sustainability/2021-sustainability-report,2021
Starbucks Corporation,https://stories.starbucks.com/uploads/2022/04/Starbucks-2021-Global-Environmental-and-Social-Impact-Report-1.pdf,2021
Steelcase Inc.,https://www.steelcase.com/content/uploads/2021/09/Steelcase-Impact-Report-and-GRI-2021.pdf,2021
Stora Enso,https://www.storaenso.com/-/media/documents/download-center/documents/annual-reports/2021/storaenso_annual_report_2021.ashx,2021
Storskogen Group,https://www.storskogen.com/files/document/reports/2021/Storskogen_Annual_Report_2021.pdf,2021
"Sumitomo Forestry Co., Ltd",https://sfc.jp/information/ir/library/annual/pdf/ar2022eng.pdf,2021
Suntory Beverage & Food Limited,https://www.suntory.com/softdrink/company/sustainability/data.html,2021
Suntory Holdings Limited,https://www.suntory.com/csr/data/report/pdf/suntory_csr_EN_2021.pdf,2020
Suzano S/A,https://stszprdscentind.blob.core.windows.net/site/documents/CDP%20Climate%20Change%202022.pdf,2021
Sweco,https://www.swecogroup.com/wp-content/uploads/sites/2/2022/03/Sweco-2021-sustainability-report.pdf,2021
Swisscom,https://reports.swisscom.ch/download/2021/en/swisscom_klimabericht_2021_en.pdf,2021
Symrise,https://www.symrise.com/sustainability/reports-policies-standards-audits/#our-corporate-reports,2021
Takeda Pharmaceutical Company Limited,https://www.takeda.com/49f45f/siteassets/system/corporate-responsibility/reporting-on-sustainability/tcfd.pdf,2021
"Tapestry, Inc.",https://tapestry.gcs-web.com/static-files/81060675-163a-4273-9d56-e2bcd80a2527,2021
Target Corporation,https://corporate.target.com/_media/TargetCorp/Sustainability-ESG/PDF/2021_Target_Corporate-Responsibility-Report.pdf,2020
Tech Mahindra Ltd,https://insights.techmahindra.com/investors/annual-report-20-21.pdf,2021
TEIJIN LIMITED,https://ssl4.eir-parts.net/doc/3401/ir_material_for_fiscal_ym14/106428/00.pdf,2020
Telenor Group,https://www.telenor.com/binaries/investors/reports-and-information/annual/annual-report-2021/Telenor%20Annual%20Report%202021.pdf,2021
Telia,https://www.teliacompany.com/globalassets/telia-company/documents/reports/2021/annual/telia-company-annual-and-sustainability-report-2021_1103.pdf,2021
Tesla Inc.,https://www.tesla.com/ns_videos/2021-tesla-impact-report.pdf,2021
The Clorox Company,https://s21.q4cdn.com/507168367/files/doc_financials/2021/ar/Clorox-2021-Integrated-Report_Full-Report-update.pdf,2020
Thermo Fisher Scientific Inc.,https://corporate.thermofisher.com/content/dam/tfcorpsite/documents/corporate-social-responsibility/2021%20CSR%20Report%20Thermo%20Fisher%20Scientific.pdf,2021
"Thor Industries, Inc.",https://thor-website.cdn.prismic.io/thor-website/d84f2314-5a36-4ad5-8ecf-a3eb5386f9f6_2021+ESG+Report+Final+reduced+size.pdf,2021
TietoEVRY,https://www.tietoevry.com/en/SysSiteAssets/files/sustainability/tietoevry2021_sustainability_report.pdf,2021
Tiffany & Co.,https://media.tiffany.com/is/content/Tiffany/FY2020_Sustainability_Performance_and_Metrics,2020
TK Elevator GmbH,https://www.tkelevator.com/media/baet/publications/tk_elevator_sustainability_report_2020_21.pdf,2021
Tokyu Fudosan Holdings Corporation,https://tokyu-fudosan-hd-csr.disclosure.site/en/themes/25#194,2021
TPG Telecom Limited,https://www.tpgtelecom.com.au/sites/default/files/asx-announcements/Sustainability%20Report%202021.pdf,2021
Uber,https://uber.app.box.com/s/7otjaxo7978mio4x59kqovh47doppg4w?uclick_id=d9f35e52-1154-4eac-b515-573f5992fd04,2021
Ubisoft Entertainment,https://downloads.ctfassets.net/8aefmxkxpxwl/44Uv9g0KnmBI5KlAghiJh/cdb36cc23a9930832acd8ecbb4dcbe61/UBISOFT_DEU_21-22_MEL_INTERACTIF_UK_160622.pdf,2021
Unilever,https://www.unilever.com/files/92ui5egz/production/e582e46a7f7170fd10be32cf65113b738f19f0c2.pdf,2021
"United Airlines, Inc.",http://crreport.united.com/data/environment,2021
United Utilities Group PLC,https://unitedutilities.annualreport2022.com/media/0p2jagga/30900-united-utilities-ar2022-client-pfp-070622.pdf,2021
UPM-Kymmene Corporation,https://www.upm.com/siteassets/documents/responsibility/1-fundamentals/upm-2021-ghg-inventory-scope-3.pdf,2021
Vattenfall AB,https://group.vattenfall.com/siteassets/corporate/investors/annual-reports/2021/vattenfall-annual-and-sustainability-report2021.pdf,2021
Veolia Environnement S.A.,https://www.veolia.com/sites/g/files/dvc4206/files/document/2022/06/integrated-report-2021-veolia-ecological-transformation.pdf,2021
Vestas Wind Systems A/S,https://www.vestas.com/content/dam/vestas-com/global/en/investor/reports-and-presentations/financial/2021/Sustainability_Report_2021.pdf.coredownload.inline.pdf,2021
VF Corporation,https://www.vfc.com/responsibility/planet/climate,2021
Virgin Group,https://www.virgin.com/doc/Virgin-Holdings-Limited-2020-Financial-Statements.pdf,2020
Visa Inc.,https://usa.visa.com/content/dam/VCOM/regional/na/us/about-visa/documents/2021-environmental-social-and-report.pdf,2021
VISTEON CORPORATION,https://www.visteon.com/wp-content/uploads/2022/06/Visteon-CSR-2022-FINAL-15-June-2022.pdf,2021
Vistra Corp.,https://vistra.app.box.com/s/a13qa93pu1jt5mffw0yo00viziizsdey,2021
Vistry Group,https://www.vistrygroup.co.uk/sites/vistrygroup/files/Vistry/annual-report-new/annual-report-2021year.pdf,2021
Vivendi SE,https://www.vivendi.com/wp-content/uploads/2022/04/20220404_VIV_Rapport-annuel-2021_VA.pdf,2021
Vodafone Group PLC,https://view.officeapps.live.com/op/view.aspx?src=https%3A%2F%2Finvestors.vodafone.com%2Fsites%2Fvodafone-ir%2Ffiles%2F2022-05%2Fvodafone-esg-addendum-2022-v2.xlsx&wdOrigin=BROWSELINK,2021
Volvo Cars,https://vp272.alertir.com/afw/files/press/volvocar/202204044874-1.pdf,2021
Wacker Chemie AG,https://reports.wacker.com/2020/sustainability-report/production-safety/emissions/air.html,2020
Walmart Inc.,https://corporate.walmart.com/esgreport/media-library/document/walmart-fy2022-esg-summary/_proxyDocument?id=00000182-21ec-d591-afe2-2bfcb4df0000,2020
Wipro,https://www.wipro.com/content/dam/nexus/en/investor/annual-reports/2021-2022/wipro-esg-dashboard-fy-2021-22.pdf,2021
Workday,https://www.workday.com/content/dam/web/en-us/documents/other/workday-2021-global-impact-report.pdf,2021
WSP Global Inc.,https://www.wsp.com/-/media/campaign/global/document/esg/reports/2021/gl-cc-2021-esg-report-eng.pdf,2021
Xerox Corporation,https://www.xerox.com/downloads/usa/en/c/corporate-social-responsibility-progress-summary.pdf,2021
Xylem Inc.,https://www.xylem.com/siteassets/sustainability/2021/xylem-sustainability-report-2021.pdf,2021
"Yum China Holdings, Inc.",http://www.yumchina.com/pdf/Yum%20China%20TCFD%20Report-%20Final.pdf,2021
Żabka Polska Sp. z o. o.,https://cdn-zabkagroup.azureedge.net/wp-content/uploads/2022/06/Raport-Odpowiedzialnosci-2021.pdf,2021
ZF Friedrichshafen AG,https://www.zf.com/master/media/en/corporate/m_zf_com/company/bonds_relations_/financial_reports/annual_report/2021_2/ZF_Annual-Report_2021.pdf#page=38,2021
